temperature,humidity,wind_speed,pressure,rainfall,reflectivity_dbz,cloud_top_temp_c,cooling_rate_c_hr,target
28.8,78.1,13.9,1007.4,3.8,12.6,-24.8,3.1,0
30.9,77.4,35.0,1003.8,35.5,50.3,-71.2,9.0,1
37.9,81.8,40.0,1005.7,22.7,50.2,-60.0,18.0,1
29.1,71.6,5.9,1013.7,0.3,11.3,-23.0,2.0,0
26.4,73.9,8.7,1013.5,0.4,13.6,-25.8,3.1,0
27.8,49.7,8.7,1012.1,3.6,16.8,-30.8,2.4,0
32.0,68.0,18.8,1012.0,0.9,24.7,-29.8,5.3,0
34.6,80.7,50.8,995.8,4.3,47.5,-45.8,20.5,1
30.5,81.7,50.0,999.6,16.1,58.3,-63.3,16.6,1
32.2,86.0,56.1,1000.6,31.5,61.9,-62.7,14.7,1
30.6,60.5,14.4,1013.5,1.0,13.1,-3.3,2.1,0
34.7,84.3,26.4,1002.5,5.6,48.3,-50.1,15.6,1
29.5,83.0,46.8,999.1,9.4,54.9,-73.5,20.9,1
26.6,62.2,15.2,1015.3,11.6,21.3,-17.2,4.5,0
30.7,51.0,18.9,1010.6,2.2,5.0,-31.8,3.7,0
28.4,47.6,16.5,1009.4,0.8,26.5,-28.2,5.5,0
30.1,77.9,14.9,1014.1,2.6,20.0,-32.8,1.7,0
27.2,53.5,19.0,1010.8,0.3,29.1,-27.6,1.5,0
29.3,52.1,2.0,1015.2,0.0,21.6,-9.0,5.2,0
28.5,40.5,17.4,1013.9,0.3,26.8,-17.0,3.9,0
37.8,78.2,44.9,999.7,29.8,51.5,-56.0,18.7,1
29.8,48.8,4.8,1007.9,1.1,28.8,-39.2,1.9,0
30.0,78.4,16.6,1015.6,1.4,22.2,-36.5,3.8,0
27.8,72.1,20.9,1012.8,3.6,17.2,-53.4,4.7,0
27.5,55.1,13.3,1010.9,1.1,36.2,-33.1,1.6,0
30.7,84.8,46.6,1005.1,7.9,54.7,-62.9,13.4,1
30.2,71.8,22.1,1006.7,0.1,22.6,-19.8,4.0,0
27.7,58.8,20.6,1013.2,0.1,7.8,-27.2,0.6,0
29.9,37.0,22.2,1008.9,1.2,7.7,-25.2,0.0,0
35.2,84.9,17.7,1007.9,0.9,20.3,-31.9,0.0,0
24.4,91.3,39.5,1003.4,9.8,57.1,-67.0,19.8,1
28.0,45.5,6.0,1015.3,0.3,13.1,-17.3,3.3,0
32.6,72.2,12.8,1010.1,0.0,19.1,-41.2,2.5,0
29.4,79.7,49.1,1000.0,29.7,48.4,-60.8,20.1,1
36.6,83.7,62.0,993.5,6.2,54.6,-69.0,13.4,1
28.9,84.0,46.7,1001.5,22.6,54.8,-63.3,16.1,1
23.4,67.9,14.6,1008.7,1.9,17.1,-18.0,0.2,0
27.9,70.5,16.8,1015.7,0.2,11.6,3.1,2.9,0
36.1,80.9,56.4,1005.4,42.2,51.3,-52.0,12.2,1
34.0,64.8,22.5,1010.4,0.5,14.7,-21.1,2.5,0
30.0,63.0,10.9,1012.5,0.3,14.2,-32.4,2.5,0
28.3,61.4,15.0,1013.5,0.7,8.0,-23.2,4.3,0
31.5,54.5,10.3,1015.4,2.4,17.0,-20.4,3.1,0
33.7,92.8,49.8,1000.9,30.0,49.8,-65.1,9.3,1
29.7,45.1,10.9,1010.9,2.1,5.0,-35.2,4.4,0
31.0,83.3,47.0,1006.2,14.2,42.2,-75.8,18.9,1
24.6,52.1,11.9,1010.8,2.2,26.7,-10.4,2.4,0
32.4,51.0,10.5,1012.8,0.4,15.0,-20.5,1.1,0
30.0,63.8,7.0,1009.1,1.7,18.2,-15.4,3.5,0
27.8,75.9,13.6,1009.1,1.3,8.6,-27.4,1.4,0
36.5,79.1,62.7,996.9,7.0,48.4,-59.7,17.2,1
29.4,88.3,37.2,994.0,20.4,54.7,-62.1,12.7,1
37.8,86.1,44.7,1000.1,1.0,49.2,-67.7,17.1,1
27.6,93.1,53.2,997.7,27.5,47.8,-56.2,20.8,1
27.6,52.2,12.5,1011.3,2.6,19.4,-34.9,4.4,0
34.0,79.8,20.9,1001.5,57.0,41.5,-61.9,24.4,1
31.5,67.5,15.6,1014.7,2.2,14.7,-23.1,1.7,0
26.4,52.3,20.7,1015.1,0.4,19.1,-22.0,6.3,0
29.2,63.1,4.6,1006.5,0.6,14.4,-36.9,1.3,0
27.6,48.7,14.6,1009.2,0.0,16.3,-14.5,3.1,0
30.4,56.0,13.2,1007.5,4.9,17.3,-19.3,4.3,0
30.0,65.2,17.4,1010.0,1.7,17.4,-32.0,0.0,0
33.4,90.3,60.5,1005.6,7.2,44.1,-67.5,11.6,1
27.5,66.4,10.2,1007.7,0.5,9.5,-26.4,0.9,0
28.2,61.8,12.4,1009.2,1.4,12.3,-29.5,4.6,0
26.1,67.5,10.0,1009.0,1.7,7.7,-23.9,1.1,0
27.7,64.2,19.4,1012.6,0.6,25.8,-28.6,4.4,0
34.1,77.1,49.1,1004.9,9.9,49.0,-70.6,24.2,1
31.3,63.3,23.5,1009.8,4.4,27.2,-28.9,4.7,0
31.1,79.6,35.4,998.8,41.1,55.1,-62.6,12.9,1
34.4,82.2,32.2,999.0,48.8,57.9,-63.1,16.6,1
33.1,67.4,6.4,1011.2,0.5,5.0,-32.0,1.8,0
30.2,62.5,5.0,1017.0,0.5,15.1,-8.2,5.9,0
32.8,82.3,36.6,1007.7,1.0,50.0,-70.2,16.8,1
35.7,73.8,50.4,998.8,13.2,47.3,-58.7,13.6,1
31.0,86.5,53.5,1004.2,3.5,60.0,-65.9,14.4,1
33.9,85.9,43.1,1000.8,0.6,44.8,-59.8,13.3,1
33.5,79.5,18.5,1008.6,1.5,23.3,-24.2,1.1,0
31.0,49.6,11.6,1014.5,6.9,10.6,-13.6,0.1,0
28.8,55.1,14.7,1016.6,0.6,5.2,-28.9,2.0,0
34.6,83.5,33.4,1002.1,9.4,49.5,-57.9,18.1,1
34.5,91.5,19.6,998.5,26.6,56.3,-64.9,19.3,1
36.3,59.1,12.7,1015.1,0.9,22.0,-26.1,4.9,0
29.4,74.5,9.5,1012.8,0.5,13.7,-22.8,4.1,0
29.3,55.3,3.2,1013.7,0.6,22.1,-12.7,2.6,0
31.2,64.8,10.4,1013.0,2.7,33.5,-35.3,2.6,0
33.3,79.3,29.7,993.0,35.9,56.3,-63.2,12.4,1
32.2,83.2,64.2,1001.3,1.0,40.7,-60.5,12.1,1
32.7,88.4,56.7,1010.4,45.4,49.8,-69.0,20.3,1
30.4,65.1,14.4,1015.5,4.0,15.1,-24.3,2.1,0
34.6,68.3,12.9,1011.3,0.1,27.4,-40.0,1.0,0
37.7,77.8,30.5,1001.1,24.5,54.6,-73.2,20.3,1
30.0,89.2,37.5,1002.1,50.0,53.3,-70.5,12.5,1
27.5,60.7,16.2,1013.5,1.4,18.4,-16.1,4.2,0
35.4,78.6,64.6,997.9,21.7,46.3,-68.2,15.5,1
28.6,60.5,21.1,1011.8,5.2,7.0,-22.6,2.7,0
29.2,71.6,13.5,1015.4,0.9,20.6,-27.9,5.8,0
32.3,84.1,14.1,1011.0,1.0,17.5,-11.4,2.0,0
23.9,56.4,17.5,1013.7,0.4,22.0,-27.0,4.9,0
33.6,48.3,15.2,1008.9,1.0,13.7,-22.7,2.9,0
28.5,61.1,18.8,1011.9,1.6,27.8,-13.5,1.8,0
30.8,68.8,40.2,1004.1,22.7,44.9,-59.1,15.8,1
26.0,54.0,10.9,1012.7,2.1,31.7,-9.4,3.8,0
24.0,78.4,15.8,1010.9,1.3,5.0,-40.3,3.7,0
30.4,75.9,48.2,1002.4,10.5,56.4,-70.9,16.8,1
29.2,56.5,14.5,1014.5,2.6,21.8,-28.7,2.9,0
25.1,67.7,13.8,1010.7,2.1,11.6,-27.4,7.8,0
31.1,78.6,7.5,996.9,135.8,48.9,-62.9,8.2,1
28.0,58.2,13.4,1017.2,0.0,28.2,-29.5,4.4,0
34.0,60.0,4.6,1016.1,0.4,5.0,-35.4,3.2,0
28.2,56.2,11.3,1008.1,1.6,22.0,-31.1,5.0,0
24.5,51.9,14.5,1014.1,0.8,5.0,-26.4,4.0,0
31.3,93.1,34.8,1001.2,22.5,60.2,-62.3,21.0,1
33.1,75.6,47.6,1007.2,1.4,56.2,-60.7,19.8,1
28.9,72.8,30.0,996.4,15.2,53.7,-66.7,12.4,1
29.0,77.8,45.6,999.1,28.1,46.1,-53.8,11.5,1
30.7,81.7,51.2,1001.6,28.3,46.9,-70.2,17.4,1
31.1,46.4,16.1,1009.9,1.8,34.5,-7.0,2.0,0
33.3,80.6,40.8,1001.4,71.1,56.7,-53.7,16.4,1
32.4,70.3,22.9,1009.5,0.3,9.6,-8.4,3.0,0
34.6,74.5,31.5,1002.1,17.3,49.5,-63.4,8.9,1
32.1,90.7,32.1,1002.8,29.4,39.8,-65.7,7.1,1
36.7,74.3,19.0,1014.0,0.8,17.2,-14.3,0.9,0
29.2,49.9,10.6,1016.5,2.7,8.1,-12.3,3.9,0
29.0,78.7,21.0,1010.3,0.2,34.8,-26.1,3.6,0
28.9,66.2,12.7,1012.7,2.0,30.8,-28.9,4.9,0
33.3,85.4,59.9,1006.5,25.3,58.0,-53.3,20.7,1
30.4,84.7,38.7,1004.0,22.9,44.5,-59.3,14.9,1
27.3,67.6,13.3,1012.2,1.0,17.6,-16.1,0.3,0
27.4,62.8,18.1,1014.2,0.5,16.7,-25.0,4.4,0
28.9,67.4,18.0,1013.4,1.4,20.6,-18.8,4.0,0
27.4,52.8,5.3,1008.3,0.9,29.6,-8.6,4.0,0
26.9,63.7,20.5,1014.6,0.3,25.0,-21.2,3.0,0
29.3,47.9,5.7,1014.7,0.2,9.4,-21.9,3.8,0
33.1,77.9,42.8,999.2,0.5,51.0,-50.7,8.3,1
33.5,53.0,19.6,1012.1,3.5,20.5,-51.3,2.4,0
21.0,54.6,8.5,1014.0,0.6,23.5,-21.1,3.3,0
30.6,73.4,35.7,1003.6,30.1,47.6,-65.2,16.4,1
32.7,72.9,8.5,1015.2,1.6,9.1,-30.1,1.3,0
33.7,77.9,26.9,1001.7,40.6,40.9,-72.0,22.0,1
36.1,87.0,45.5,1000.9,81.1,55.6,-65.7,14.0,1
27.9,58.8,17.9,1007.9,1.3,5.5,-13.7,2.5,0
24.8,74.1,20.6,1012.9,1.6,20.8,-24.1,2.5,0
26.7,63.4,21.0,1014.2,3.4,38.1,-32.5,2.2,0
25.7,85.2,11.2,1011.3,0.8,5.0,-15.1,1.9,0
34.3,65.9,13.0,1016.4,0.6,17.7,-27.2,3.6,0
38.0,72.5,33.2,1009.1,8.1,46.7,-71.8,11.4,1
32.8,58.9,10.0,1014.1,2.6,19.0,-29.8,5.6,0
31.2,63.3,18.8,1010.2,2.4,17.1,-31.5,1.7,0
25.6,60.5,22.1,1017.2,0.2,7.6,-24.2,4.4,0
27.2,76.2,29.8,1001.4,11.0,50.6,-65.2,20.8,1
30.5,71.6,11.0,1009.7,0.9,11.9,-20.2,4.3,0
25.3,54.1,13.9,1010.4,0.2,5.0,-27.7,4.3,0
31.1,48.7,15.4,1014.6,5.9,27.6,-43.4,3.8,0
33.4,91.0,44.1,997.0,2.2,56.0,-64.6,13.7,1
27.9,67.1,16.1,1011.9,0.1,18.4,-17.1,3.5,0
34.9,80.7,32.1,1000.5,53.2,46.7,-59.8,19.4,1
31.1,82.2,43.0,1004.1,53.6,49.7,-50.4,17.7,1
27.9,65.9,16.7,1012.0,0.0,19.8,-15.1,5.1,0
33.7,69.7,6.9,1003.6,5.9,55.9,-55.0,17.5,1
25.8,61.9,11.8,1010.5,1.1,15.6,-40.4,3.0,0
37.1,77.9,52.8,997.2,54.3,46.8,-60.9,21.1,1
35.4,76.0,13.6,1002.7,5.5,57.3,-69.7,21.2,1
28.1,61.0,12.1,1014.4,1.3,19.6,-34.7,3.0,0
30.0,71.2,12.7,1011.2,0.5,7.8,-26.8,0.0,0
35.9,85.8,66.7,1002.1,40.6,60.1,-53.7,18.1,1
31.8,64.7,16.8,1014.4,2.6,11.3,-25.1,3.0,0
28.4,65.2,12.5,1013.0,6.2,12.9,-21.9,5.4,0
27.4,55.3,17.5,1013.7,0.5,11.5,-6.9,0.8,0
32.1,71.9,12.3,1014.9,5.2,9.5,-28.4,0.0,0
32.5,82.4,34.2,1004.5,90.7,46.8,-59.9,11.2,1
24.8,54.4,15.8,1010.2,0.6,28.7,-30.1,3.6,0
24.3,67.4,13.5,1008.7,0.1,33.4,-33.5,0.0,0
30.8,53.0,16.2,1009.5,0.1,8.2,-30.8,1.0,0
29.8,87.4,43.5,1007.2,10.2,42.6,-62.4,15.9,1
34.3,61.9,8.4,1015.7,0.9,7.7,-21.4,2.4,0
32.8,88.3,45.9,1000.9,92.6,50.0,-77.4,17.7,1
34.1,66.7,14.7,1008.0,1.4,10.7,-32.2,1.7,0
34.3,89.9,38.5,997.6,47.9,48.2,-61.0,19.5,1
28.7,70.2,25.2,1013.6,1.3,14.8,-25.6,2.7,0
27.4,75.9,17.2,1013.6,0.7,26.5,-21.0,2.5,0
30.2,67.6,16.5,1011.2,2.6,22.8,-22.4,2.2,0
33.3,92.4,39.8,1000.4,1.8,59.7,-67.6,13.6,1
30.6,83.2,80.3,1002.9,5.9,54.0,-75.4,14.2,1
29.3,51.3,10.1,1012.3,0.6,28.1,-48.9,2.7,0
32.8,79.1,33.0,1001.8,15.8,45.5,-55.0,22.7,1
35.4,80.1,36.9,1009.3,7.8,62.1,-52.2,12.8,1
28.8,60.1,11.6,1009.4,0.6,26.1,-40.7,0.0,0
29.9,62.6,4.1,1012.5,0.4,20.7,-55.1,0.0,0
23.9,67.3,17.7,1021.0,0.1,16.2,-19.3,4.5,0
25.0,61.3,8.6,1013.1,0.9,11.4,-22.6,4.0,0
34.9,94.9,34.0,1001.4,35.6,46.4,-62.9,10.6,1
34.1,92.4,64.5,999.7,85.9,53.3,-50.3,9.7,1
35.9,84.6,55.0,1006.6,14.5,45.8,-68.6,17.7,1
29.1,52.6,2.0,1013.3,0.7,24.3,-23.9,2.5,0
30.0,60.6,12.6,1013.8,2.5,11.7,-31.3,0.0,0
35.1,85.7,42.8,995.5,9.9,55.2,-52.7,18.8,1
28.1,75.9,52.2,1005.5,8.9,54.2,-71.8,17.1,1
29.5,80.5,47.8,999.6,6.6,62.6,-57.9,18.6,1
27.4,72.0,31.8,1004.8,3.5,52.0,-67.2,15.7,1
31.8,84.4,34.3,995.1,7.4,44.9,-71.9,11.3,1
23.9,76.9,13.5,1009.2,0.2,18.9,-30.4,0.0,0
32.1,63.5,27.2,1010.7,4.1,16.6,-17.0,4.3,0
32.7,91.4,37.2,1004.6,1.6,45.9,-67.9,12.3,1
36.6,74.6,30.5,1002.0,5.9,49.8,-72.5,15.3,1
31.9,59.0,16.3,1014.8,0.0,23.9,-19.4,2.5,0
34.0,58.1,19.4,1008.3,1.0,10.1,-6.4,5.6,0
32.4,88.3,29.2,1004.4,10.5,46.1,-58.2,17.4,1
23.5,63.6,15.5,1009.9,0.3,27.6,-21.8,4.3,0
25.2,62.0,12.0,1008.2,1.6,25.2,-43.0,2.4,0
27.1,66.4,15.3,1011.3,5.3,7.0,-48.9,2.7,0
32.3,81.8,47.4,996.5,16.6,46.6,-60.4,20.3,1
29.2,81.0,29.3,1007.7,9.0,42.7,-64.4,18.0,1
26.8,47.2,12.2,1013.3,0.1,18.4,-13.2,3.0,0
33.4,85.9,39.8,998.9,40.7,58.6,-63.8,20.7,1
26.7,71.3,13.9,1010.3,0.2,10.4,-19.8,3.5,0
27.2,48.3,19.6,1015.1,1.4,11.3,-6.3,3.2,0
29.9,90.3,73.1,1005.2,17.6,48.5,-58.8,19.1,1
32.3,78.2,49.0,1001.6,3.9,45.4,-70.3,15.8,1
34.9,84.4,45.9,1007.3,24.5,57.0,-60.8,13.8,1
30.0,85.0,44.3,996.9,8.0,57.5,-57.3,16.7,1
32.2,69.6,10.7,1013.2,1.2,12.9,-11.4,0.6,0
26.2,56.2,11.0,1009.4,0.8,16.1,-31.1,4.2,0
36.9,36.1,20.9,1013.6,2.7,24.0,-20.0,4.2,0
30.5,56.5,3.3,1004.1,2.5,21.4,-40.6,0.0,0
29.6,65.9,29.7,1012.0,1.4,20.1,-36.8,3.2,0
31.1,85.3,29.9,992.9,1.5,43.8,-53.3,16.9,1
31.1,63.8,15.1,1014.8,0.4,21.0,-28.5,1.5,0
37.4,86.6,57.8,1003.5,15.3,55.0,-64.4,15.1,1
32.6,64.9,40.6,1003.4,32.3,62.8,-67.4,19.1,1
30.8,88.9,16.5,1006.3,21.3,56.2,-59.3,11.8,1
28.7,52.3,17.2,1012.8,1.7,16.5,-16.1,3.2,0
32.4,74.0,16.8,1009.3,1.6,10.1,-30.9,4.4,0
26.9,60.4,14.4,1010.8,0.1,17.7,-18.0,2.7,0
28.9,61.7,13.0,1009.0,0.8,11.5,-24.7,5.3,0
34.4,89.0,35.9,1003.1,19.3,61.8,-55.6,18.3,1
27.1,57.6,13.0,1014.6,0.3,20.1,-23.4,0.0,0
34.4,53.2,19.7,1011.3,2.6,19.7,-3.0,1.9,0
31.8,81.7,39.1,1003.2,55.1,56.1,-64.0,17.6,1
27.3,79.1,2.0,1007.7,0.8,14.6,-25.6,4.0,0
28.7,82.5,37.3,999.6,5.4,48.9,-58.4,21.6,1
35.9,74.3,30.9,1002.1,16.8,50.0,-67.8,19.4,1
36.6,88.0,61.4,998.2,33.8,54.6,-46.7,19.5,1
24.3,59.9,12.1,1008.7,0.4,11.4,-35.9,3.3,0
26.8,55.3,19.6,1016.4,1.0,19.2,-22.7,5.4,0
33.3,79.4,60.3,998.0,45.5,51.0,-66.3,14.8,1
28.8,55.9,10.1,1012.8,4.8,18.1,-33.4,4.7,0
35.3,87.1,36.8,1003.6,49.1,39.2,-63.7,17.4,1
32.2,79.9,46.8,996.0,13.1,54.7,-54.2,13.8,1
30.1,79.9,41.7,999.6,9.9,46.1,-60.7,18.6,1
30.1,83.6,10.9,1011.8,3.7,15.1,-15.0,2.0,0
30.8,55.9,18.3,1015.7,1.5,12.2,-27.9,1.3,0
30.6,84.3,27.9,1000.4,3.4,41.2,-61.7,12.4,1
32.2,65.0,16.6,1010.1,0.8,20.5,-27.9,0.3,0
31.5,75.0,17.6,1008.0,2.1,27.5,-25.6,2.8,0
30.4,77.6,16.6,1011.4,1.1,7.9,-20.1,0.0,0
36.7,80.4,45.4,999.9,21.0,48.8,-59.8,19.4,1
34.7,80.8,38.9,1007.0,21.6,53.1,-75.2,11.1,1
30.3,66.6,18.0,1015.7,2.0,16.9,-36.2,3.3,0
29.6,55.2,17.8,1010.6,2.6,20.7,-15.7,2.0,0
32.7,86.4,52.5,1002.3,6.5,51.5,-64.8,13.6,1
30.3,82.3,25.8,999.2,20.1,44.8,-69.7,14.8,1
25.8,58.3,15.8,1014.5,1.2,8.9,-38.6,0.5,0
32.2,63.8,19.4,1005.3,2.8,24.6,-35.8,3.5,0
29.9,82.5,30.0,1003.5,3.8,41.9,-59.5,13.0,1
32.0,70.0,33.9,1006.9,21.2,45.9,-60.7,15.1,1
30.3,87.5,48.2,1004.3,5.1,50.3,-58.5,11.3,1
29.0,84.1,44.2,996.7,8.2,46.2,-51.9,23.3,1
31.8,51.5,10.6,1006.4,2.8,27.5,-25.7,1.6,0
27.5,67.4,13.3,1013.9,1.0,17.3,-21.4,4.9,0
29.0,94.5,49.6,1000.7,43.7,65.0,-52.5,16.8,1
33.9,81.2,55.3,1002.9,8.4,59.1,-50.5,12.1,1
30.9,88.6,46.9,1009.0,65.5,53.3,-39.9,16.0,1
31.3,75.8,39.1,1012.9,87.6,58.2,-69.9,19.1,1
29.7,47.8,14.0,1010.2,0.1,22.8,-32.8,4.3,0
27.6,77.0,9.9,1005.4,0.5,11.2,-23.0,2.1,0
32.6,78.3,40.4,1003.9,11.7,47.1,-58.1,20.1,1
30.4,93.5,30.3,1005.1,40.0,52.5,-65.8,19.7,1
33.2,80.9,55.3,1000.9,11.4,57.2,-48.5,14.2,1
32.4,83.3,40.6,1008.3,2.3,52.8,-67.4,11.7,1
31.9,87.2,15.9,1002.8,20.3,42.5,-73.8,13.5,1
29.6,83.7,9.3,1012.0,0.6,24.7,-29.3,0.6,0
32.1,55.6,18.1,1013.8,1.7,27.7,-39.8,1.9,0
24.5,71.3,13.0,1014.0,2.5,26.5,-27.1,2.8,0
29.8,62.6,12.7,1009.8,4.4,25.0,-12.9,0.9,0
31.7,64.7,4.0,1012.2,0.8,15.5,-40.3,3.0,0
29.2,77.3,17.2,1013.4,2.3,13.4,-35.6,0.0,0
32.2,67.1,7.8,1016.4,0.5,20.7,-23.7,0.8,0
27.4,67.4,14.3,1014.1,7.0,25.5,-34.8,4.3,0
33.2,72.7,15.4,1014.4,0.0,16.2,-32.9,4.2,0
35.9,58.4,20.8,1012.3,1.4,26.5,-29.2,2.2,0
27.9,53.6,7.5,1016.2,1.6,29.6,-38.7,1.0,0
30.6,91.8,30.8,1002.0,39.3,53.2,-61.9,22.5,1
33.4,42.3,14.9,1009.4,0.2,11.3,-18.0,2.3,0
33.7,82.6,23.0,1016.2,4.2,16.9,-38.1,4.3,0
27.4,51.0,20.2,1014.1,0.3,20.5,-41.0,4.9,0
33.1,81.6,46.4,1004.4,15.3,56.1,-80.9,14.6,1
28.2,59.2,11.5,1010.6,0.4,28.8,-17.7,0.7,0
34.1,83.9,39.3,1001.0,2.5,50.7,-65.4,18.7,1
26.2,70.2,9.1,1013.4,1.2,18.3,-29.6,1.4,0
